2021-09-12T20:39:20.140+09:00,송재홍,IdeState,Inactive,,,,,-1,-1,
2021-09-12T20:39:21.148+09:00,송재홍,IdeState,Inactive,,,,,-1,-1,
2021-09-12T20:39:22.150+09:00,송재홍,IdeState,Inactive,,,,,-1,-1,
2021-09-12T20:39:23.152+09:00,송재홍,IdeState,Inactive,,,,,-1,-1,
2021-09-12T20:39:24.167+09:00,송재홍,IdeState,Inactive,,,,,-1,-1,
2021-09-12T20:39:25.177+09:00,송재홍,IdeState,Inactive,,,,,-1,-1,
2021-09-12T20:39:26.179+09:00,송재홍,IdeState,Inactive,,,,,-1,-1,
2021-09-12T20:39:27.184+09:00,송재홍,IdeState,Inactive,,,,,-1,-1,
2021-09-12T20:39:28.197+09:00,송재홍,IdeState,Inactive,,,,,-1,-1,
2021-09-12T20:39:29.203+09:00,송재홍,IdeState,Inactive,,,,,-1,-1,
2021-09-12T20:39:30.208+09:00,송재홍,IdeState,Inactive,,,,,-1,-1,
2021-09-12T20:39:31.215+09:00,송재홍,IdeState,Inactive,,,,,-1,-1,
2021-09-12T20:39:32.216+09:00,송재홍,IdeState,Inactive,,,,,-1,-1,
2021-09-12T20:39:33.218+09:00,송재홍,IdeState,Inactive,,,,,-1,-1,
2021-09-12T20:39:34.230+09:00,송재홍,IdeState,Inactive,,,,,-1,-1,
2021-09-12T20:39:35.232+09:00,송재홍,IdeState,Inactive,,,,,-1,-1,
2021-09-12T20:39:36.246+09:00,송재홍,IdeState,Inactive,,,,,-1,-1,
2021-09-12T20:39:37.248+09:00,송재홍,IdeState,Inactive,,,,,-1,-1,
2021-09-12T20:39:38.264+09:00,송재홍,IdeState,Inactive,,,,,-1,-1,
2021-09-12T20:39:39.278+09:00,송재홍,IdeState,Inactive,,,,,-1,-1,
2021-09-12T20:39:40.294+09:00,송재홍,IdeState,Inactive,,,,,-1,-1,
2021-09-12T20:39:41.312+09:00,송재홍,IdeState,Inactive,,,,,-1,-1,
2021-09-12T20:39:42.324+09:00,송재홍,IdeState,Inactive,,,,,-1,-1,
2021-09-12T20:39:43.331+09:00,송재홍,IdeState,Inactive,,,,,-1,-1,
2021-09-12T20:39:44.342+09:00,송재홍,IdeState,Inactive,,,,,-1,-1,
2021-09-12T20:39:45.344+09:00,송재홍,IdeState,Inactive,,,,,-1,-1,
2021-09-12T20:39:46.356+09:00,송재홍,IdeState,Inactive,,,,,-1,-1,
2021-09-12T20:39:47.357+09:00,송재홍,IdeState,Inactive,,,,,-1,-1,
2021-09-12T20:39:48.362+09:00,송재홍,IdeState,Inactive,,,,,-1,-1,
2021-09-12T20:39:49.375+09:00,송재홍,IdeState,Inactive,,,,,-1,-1,
2021-09-12T20:39:50.390+09:00,송재홍,IdeState,Inactive,,,,,-1,-1,
2021-09-12T20:39:51.394+09:00,송재홍,IdeState,Inactive,,,,,-1,-1,
2021-09-12T20:39:52.401+09:00,송재홍,IdeState,Inactive,,,,,-1,-1,
2021-09-12T20:39:53.405+09:00,송재홍,IdeState,Inactive,,,,,-1,-1,
2021-09-12T20:39:54.413+09:00,송재홍,IdeState,Inactive,,,,,-1,-1,
2021-09-12T20:39:55.415+09:00,송재홍,IdeState,Inactive,,,,,-1,-1,
2021-09-12T20:39:56.420+09:00,송재홍,IdeState,Inactive,,,,,-1,-1,
2021-09-12T20:39:57.431+09:00,송재홍,IdeState,Active,untitled,Editor,C:/Users/송재홍/AppData/Roaming/JetBrains/IntelliJIdea2021.2/plugins/activity-tracker/ide-events.csv,,10,48,Default task
2021-09-12T20:39:58.438+09:00,송재홍,IdeState,Active,untitled,Editor,C:/Users/송재홍/IdeaProjects/untitled/src/StringCompareMain.java,StringCompareMain::main,5,41,Default task
2021-09-12T20:39:59.454+09:00,송재홍,IdeState,Active,untitled,Editor,C:/Users/송재홍/IdeaProjects/untitled/src/StringCompareMain.java,StringCompareMain::main,5,41,Default task
2021-09-12T20:40:00.466+09:00,송재홍,IdeState,Active,untitled,Editor,C:/Users/송재홍/IdeaProjects/untitled/src/FactorialMain.java,FactorialMain::getFactorial,16,51,Default task
2021-09-12T20:40:01.482+09:00,송재홍,IdeState,Active,untitled,Editor,C:/Users/송재홍/IdeaProjects/untitled/src/FactorialMain.java,FactorialMain::getFactorial,16,51,Default task
2021-09-12T20:40:02.496+09:00,송재홍,IdeState,Active,untitled,Editor,C:/Users/송재홍/IdeaProjects/untitled/src/FactorialMain.java,FactorialMain::getFactorial,16,51,Default task
2021-09-12T20:40:03.500+09:00,송재홍,IdeState,Active,untitled,Editor,C:/Users/송재홍/IdeaProjects/untitled/src/FactorialMain.java,FactorialMain::getFactorial,16,51,Default task
2021-09-12T20:40:04.512+09:00,송재홍,IdeState,Active,untitled,Editor,C:/Users/송재홍/IdeaProjects/untitled/src/FactorialMain.java,FactorialMain::getFactorial,16,51,Default task
2021-09-12T20:40:05.521+09:00,송재홍,IdeState,Active,untitled,Editor,C:/Users/송재홍/IdeaProjects/untitled/src/MathMain.java,MathMain::getSumBetween,27,19,Default task
2021-09-12T20:40:06.529+09:00,송재홍,IdeState,Active,untitled,Editor,C:/Users/송재홍/IdeaProjects/untitled/src/MathMain.java,MathMain::getSumBetween,27,19,Default task
2021-09-12T20:40:07.531+09:00,송재홍,IdeState,Active,untitled,Editor,C:/Users/송재홍/IdeaProjects/untitled/src/MathMain.java,MathMain::getSumBetween,27,19,Default task
2021-09-12T20:40:08.544+09:00,송재홍,IdeState,Active,untitled,Editor,C:/Users/송재홍/IdeaProjects/untitled/src/MathMain.java,MathMain::getSumBetween,27,15,Default task
2021-09-12T20:40:08.635+09:00,송재홍,Action,EditorBackSpace,untitled,Editor,C:/Users/송재홍/IdeaProjects/untitled/src/MathMain.java,MathMain::getSumBetween,27,15,Default task
2021-09-12T20:40:08.639+09:00,송재홍,KeyEvent,8:8:0,untitled,Editor,C:/Users/송재홍/IdeaProjects/untitled/src/MathMain.java,MathMain::getSumBetween,27,14,Default task
2021-09-12T20:40:08.795+09:00,송재홍,Action,EditorBackSpace,untitled,Editor,C:/Users/송재홍/IdeaProjects/untitled/src/MathMain.java,MathMain::getSumBetween,27,14,Default task
2021-09-12T20:40:08.798+09:00,송재홍,KeyEvent,8:8:0,untitled,Editor,C:/Users/송재홍/IdeaProjects/untitled/src/MathMain.java,MathMain::getSumBetween,27,13,Default task
2021-09-12T20:40:09.181+09:00,송재홍,Action,EditorDown,untitled,Editor,C:/Users/송재홍/IdeaProjects/untitled/src/MathMain.java,MathMain::getSumBetween,27,13,Default task
2021-09-12T20:40:09.182+09:00,송재홍,KeyEvent,65535:40:0,untitled,Editor,C:/Users/송재홍/IdeaProjects/untitled/src/MathMain.java,MathMain::getSumBetween,28,13,Default task
2021-09-12T20:40:09.555+09:00,송재홍,Action,EditorRight,untitled,Editor,C:/Users/송재홍/IdeaProjects/untitled/src/MathMain.java,MathMain::getSumBetween,28,13,Default task
2021-09-12T20:40:09.556+09:00,송재홍,KeyEvent,65535:39:0,untitled,Editor,C:/Users/송재홍/IdeaProjects/untitled/src/MathMain.java,MathMain::getSumBetween,28,14,Default task
2021-09-12T20:40:09.560+09:00,송재홍,IdeState,Active,untitled,Editor,C:/Users/송재홍/IdeaProjects/untitled/src/MathMain.java,MathMain::getSumBetween,28,14,Default task
2021-09-12T20:40:09.827+09:00,송재홍,Action,EditorDown,untitled,Editor,C:/Users/송재홍/IdeaProjects/untitled/src/MathMain.java,MathMain::getSumBetween,28,14,Default task
2021-09-12T20:40:09.828+09:00,송재홍,KeyEvent,65535:40:0,untitled,Editor,C:/Users/송재홍/IdeaProjects/untitled/src/MathMain.java,MathMain::getSumBetween,29,14,Default task
2021-09-12T20:40:10.011+09:00,송재홍,Action,EditorRight,untitled,Editor,C:/Users/송재홍/IdeaProjects/untitled/src/MathMain.java,MathMain::getSumBetween,29,14,Default task
2021-09-12T20:40:10.012+09:00,송재홍,KeyEvent,65535:39:0,untitled,Editor,C:/Users/송재홍/IdeaProjects/untitled/src/MathMain.java,MathMain::getSumBetween,29,15,Default task
2021-09-12T20:40:10.406+09:00,송재홍,Action,EditorBackSpace,untitled,Editor,C:/Users/송재홍/IdeaProjects/untitled/src/MathMain.java,MathMain::getSumBetween,29,15,Default task
2021-09-12T20:40:10.409+09:00,송재홍,KeyEvent,8:8:0,untitled,Editor,C:/Users/송재홍/IdeaProjects/untitled/src/MathMain.java,MathMain::getSumBetween,29,14,Default task
2021-09-12T20:40:10.559+09:00,송재홍,Action,EditorBackSpace,untitled,Editor,C:/Users/송재홍/IdeaProjects/untitled/src/MathMain.java,MathMain::getSumBetween,29,14,Default task
2021-09-12T20:40:10.561+09:00,송재홍,KeyEvent,8:8:0,untitled,Editor,C:/Users/송재홍/IdeaProjects/untitled/src/MathMain.java,MathMain::getSumBetween,29,13,Default task
2021-09-12T20:40:10.563+09:00,송재홍,IdeState,Active,untitled,Editor,C:/Users/송재홍/IdeaProjects/untitled/src/MathMain.java,MathMain::getSumBetween,29,13,Default task
2021-09-12T20:40:10.949+09:00,송재홍,Action,EditorDown,untitled,Editor,C:/Users/송재홍/IdeaProjects/untitled/src/MathMain.java,MathMain::getSumBetween,29,13,Default task
2021-09-12T20:40:10.950+09:00,송재홍,KeyEvent,65535:40:0,untitled,Editor,C:/Users/송재홍/IdeaProjects/untitled/src/MathMain.java,MathMain::getSumBetween,30,9,Default task
2021-09-12T20:40:11.136+09:00,송재홍,Action,EditorDown,untitled,Editor,C:/Users/송재홍/IdeaProjects/untitled/src/MathMain.java,MathMain::getSumBetween,30,9,Default task
2021-09-12T20:40:11.137+09:00,송재홍,KeyEvent,65535:40:0,untitled,Editor,C:/Users/송재홍/IdeaProjects/untitled/src/MathMain.java,MathMain::getSumBetween,31,13,Default task
2021-09-12T20:40:11.287+09:00,송재홍,Action,EditorDown,untitled,Editor,C:/Users/송재홍/IdeaProjects/untitled/src/MathMain.java,MathMain::getSumBetween,31,13,Default task
2021-09-12T20:40:11.288+09:00,송재홍,KeyEvent,65535:40:0,untitled,Editor,C:/Users/송재홍/IdeaProjects/untitled/src/MathMain.java,,32,5,Default task
2021-09-12T20:40:11.476+09:00,송재홍,Action,EditorRight,untitled,Editor,C:/Users/송재홍/IdeaProjects/untitled/src/MathMain.java,,32,5,Default task
2021-09-12T20:40:11.477+09:00,송재홍,KeyEvent,65535:39:0,untitled,Editor,C:/Users/송재홍/IdeaProjects/untitled/src/MathMain.java,,33,0,Default task
2021-09-12T20:40:11.572+09:00,송재홍,IdeState,Active,untitled,Editor,C:/Users/송재홍/IdeaProjects/untitled/src/MathMain.java,,33,0,Default task
2021-09-12T20:40:11.728+09:00,송재홍,Action,EditorUp,untitled,Editor,C:/Users/송재홍/IdeaProjects/untitled/src/MathMain.java,,33,0,Default task
2021-09-12T20:40:11.729+09:00,송재홍,KeyEvent,65535:38:0,untitled,Editor,C:/Users/송재홍/IdeaProjects/untitled/src/MathMain.java,MathMain::getSumBetween,32,0,Default task
2021-09-12T20:40:11.912+09:00,송재홍,Action,EditorUp,untitled,Editor,C:/Users/송재홍/IdeaProjects/untitled/src/MathMain.java,MathMain::getSumBetween,32,0,Default task
2021-09-12T20:40:11.913+09:00,송재홍,KeyEvent,65535:38:0,untitled,Editor,C:/Users/송재홍/IdeaProjects/untitled/src/MathMain.java,MathMain::getSumBetween,31,0,Default task
2021-09-12T20:40:12.061+09:00,송재홍,Action,EditorUp,untitled,Editor,C:/Users/송재홍/IdeaProjects/untitled/src/MathMain.java,MathMain::getSumBetween,31,0,Default task
2021-09-12T20:40:12.063+09:00,송재홍,KeyEvent,65535:38:0,untitled,Editor,C:/Users/송재홍/IdeaProjects/untitled/src/MathMain.java,MathMain::getSumBetween,30,0,Default task
2021-09-12T20:40:12.219+09:00,송재홍,Action,EditorRight,untitled,Editor,C:/Users/송재홍/IdeaProjects/untitled/src/MathMain.java,MathMain::getSumBetween,30,0,Default task
2021-09-12T20:40:12.220+09:00,송재홍,KeyEvent,65535:39:0,untitled,Editor,C:/Users/송재홍/IdeaProjects/untitled/src/MathMain.java,MathMain::getSumBetween,30,1,Default task
2021-09-12T20:40:12.579+09:00,송재홍,IdeState,Active,untitled,Editor,C:/Users/송재홍/IdeaProjects/untitled/src/MathMain.java,MathMain::getSumBetween,30,1,Default task
2021-09-12T20:40:12.584+09:00,송재홍,Action,EditorRight,untitled,Editor,C:/Users/송재홍/IdeaProjects/untitled/src/MathMain.java,MathMain::getSumBetween,30,1,Default task
2021-09-12T20:40:12.585+09:00,송재홍,KeyEvent,65535:39:0,untitled,Editor,C:/Users/송재홍/IdeaProjects/untitled/src/MathMain.java,MathMain::getSumBetween,30,2,Default task
2021-09-12T20:40:13.091+09:00,송재홍,Action,EditorRight,untitled,Editor,C:/Users/송재홍/IdeaProjects/untitled/src/MathMain.java,MathMain::getSumBetween,30,2,Default task
2021-09-12T20:40:13.092+09:00,송재홍,KeyEvent,65535:39:0,untitled,Editor,C:/Users/송재홍/IdeaProjects/untitled/src/MathMain.java,MathMain::getSumBetween,30,3,Default task
2021-09-12T20:40:13.124+09:00,송재홍,Action,EditorRight,untitled,Editor,C:/Users/송재홍/IdeaProjects/untitled/src/MathMain.java,MathMain::getSumBetween,30,3,Default task
2021-09-12T20:40:13.125+09:00,송재홍,KeyEvent,65535:39:0,untitled,Editor,C:/Users/송재홍/IdeaProjects/untitled/src/MathMain.java,MathMain::getSumBetween,30,4,Default task
2021-09-12T20:40:13.158+09:00,송재홍,Action,EditorRight,untitled,Editor,C:/Users/송재홍/IdeaProjects/untitled/src/MathMain.java,MathMain::getSumBetween,30,4,Default task
2021-09-12T20:40:13.159+09:00,송재홍,KeyEvent,65535:39:0,untitled,Editor,C:/Users/송재홍/IdeaProjects/untitled/src/MathMain.java,MathMain::getSumBetween,30,5,Default task
2021-09-12T20:40:13.190+09:00,송재홍,Action,EditorRight,untitled,Editor,C:/Users/송재홍/IdeaProjects/untitled/src/MathMain.java,MathMain::getSumBetween,30,5,Default task
2021-09-12T20:40:13.191+09:00,송재홍,KeyEvent,65535:39:0,untitled,Editor,C:/Users/송재홍/IdeaProjects/untitled/src/MathMain.java,MathMain::getSumBetween,30,6,Default task
2021-09-12T20:40:13.223+09:00,송재홍,Action,EditorRight,untitled,Editor,C:/Users/송재홍/IdeaProjects/untitled/src/MathMain.java,MathMain::getSumBetween,30,6,Default task
2021-09-12T20:40:13.224+09:00,송재홍,KeyEvent,65535:39:0,untitled,Editor,C:/Users/송재홍/IdeaProjects/untitled/src/MathMain.java,MathMain::getSumBetween,30,7,Default task
2021-09-12T20:40:13.360+09:00,송재홍,Action,EditorDown,untitled,Editor,C:/Users/송재홍/IdeaProjects/untitled/src/MathMain.java,MathMain::getSumBetween,30,7,Default task
2021-09-12T20:40:13.361+09:00,송재홍,KeyEvent,65535:40:0,untitled,Editor,C:/Users/송재홍/IdeaProjects/untitled/src/MathMain.java,MathMain::getSumBetween,31,7,Default task
2021-09-12T20:40:13.507+09:00,송재홍,Action,EditorRight,untitled,Editor,C:/Users/송재홍/IdeaProjects/untitled/src/MathMain.java,MathMain::getSumBetween,31,7,Default task
2021-09-12T20:40:13.508+09:00,송재홍,KeyEvent,65535:39:0,untitled,Editor,C:/Users/송재홍/IdeaProjects/untitled/src/MathMain.java,MathMain::getSumBetween,31,8,Default task
2021-09-12T20:40:13.583+09:00,송재홍,IdeState,Active,untitled,Editor,C:/Users/송재홍/IdeaProjects/untitled/src/MathMain.java,MathMain::getSumBetween,31,8,Default task
2021-09-12T20:40:14.019+09:00,송재홍,Action,EditorRight,untitled,Editor,C:/Users/송재홍/IdeaProjects/untitled/src/MathMain.java,MathMain::getSumBetween,31,8,Default task
2021-09-12T20:40:14.020+09:00,송재홍,KeyEvent,65535:39:0,untitled,Editor,C:/Users/송재홍/IdeaProjects/untitled/src/MathMain.java,MathMain::getSumBetween,31,9,Default task
2021-09-12T20:40:14.050+09:00,송재홍,Action,EditorRight,untitled,Editor,C:/Users/송재홍/IdeaProjects/untitled/src/MathMain.java,MathMain::getSumBetween,31,9,Default task
2021-09-12T20:40:14.051+09:00,송재홍,KeyEvent,65535:39:0,untitled,Editor,C:/Users/송재홍/IdeaProjects/untitled/src/MathMain.java,MathMain::getSumBetween,31,10,Default task
2021-09-12T20:40:14.081+09:00,송재홍,Action,EditorRight,untitled,Editor,C:/Users/송재홍/IdeaProjects/untitled/src/MathMain.java,MathMain::getSumBetween,31,10,Default task
2021-09-12T20:40:14.082+09:00,송재홍,KeyEvent,65535:39:0,untitled,Editor,C:/Users/송재홍/IdeaProjects/untitled/src/MathMain.java,MathMain::getSumBetween,31,11,Default task
2021-09-12T20:40:14.117+09:00,송재홍,Action,EditorRight,untitled,Editor,C:/Users/송재홍/IdeaProjects/untitled/src/MathMain.java,MathMain::getSumBetween,31,11,Default task
2021-09-12T20:40:14.118+09:00,송재홍,KeyEvent,65535:39:0,untitled,Editor,C:/Users/송재홍/IdeaProjects/untitled/src/MathMain.java,MathMain::getSumBetween,31,12,Default task
2021-09-12T20:40:14.149+09:00,송재홍,Action,EditorRight,untitled,Editor,C:/Users/송재홍/IdeaProjects/untitled/src/MathMain.java,MathMain::getSumBetween,31,12,Default task
2021-09-12T20:40:14.150+09:00,송재홍,KeyEvent,65535:39:0,untitled,Editor,C:/Users/송재홍/IdeaProjects/untitled/src/MathMain.java,MathMain::getSumBetween,31,13,Default task
2021-09-12T20:40:14.181+09:00,송재홍,Action,EditorRight,untitled,Editor,C:/Users/송재홍/IdeaProjects/untitled/src/MathMain.java,MathMain::getSumBetween,31,13,Default task
2021-09-12T20:40:14.182+09:00,송재홍,KeyEvent,65535:39:0,untitled,Editor,C:/Users/송재홍/IdeaProjects/untitled/src/MathMain.java,MathMain::getSumBetween,31,14,Default task
2021-09-12T20:40:14.215+09:00,송재홍,Action,EditorRight,untitled,Editor,C:/Users/송재홍/IdeaProjects/untitled/src/MathMain.java,MathMain::getSumBetween,31,14,Default task
2021-09-12T20:40:14.215+09:00,송재홍,KeyEvent,65535:39:0,untitled,Editor,C:/Users/송재홍/IdeaProjects/untitled/src/MathMain.java,MathMain::getSumBetween,31,15,Default task
2021-09-12T20:40:14.246+09:00,송재홍,Action,EditorRight,untitled,Editor,C:/Users/송재홍/IdeaProjects/untitled/src/MathMain.java,MathMain::getSumBetween,31,15,Default task
2021-09-12T20:40:14.247+09:00,송재홍,KeyEvent,65535:39:0,untitled,Editor,C:/Users/송재홍/IdeaProjects/untitled/src/MathMain.java,MathMain::getSumBetween,31,16,Default task
2021-09-12T20:40:14.280+09:00,송재홍,Action,EditorRight,untitled,Editor,C:/Users/송재홍/IdeaProjects/untitled/src/MathMain.java,MathMain::getSumBetween,31,16,Default task
2021-09-12T20:40:14.281+09:00,송재홍,KeyEvent,65535:39:0,untitled,Editor,C:/Users/송재홍/IdeaProjects/untitled/src/MathMain.java,MathMain::getSumBetween,31,17,Default task
2021-09-12T20:40:14.410+09:00,송재홍,Action,EditorRight,untitled,Editor,C:/Users/송재홍/IdeaProjects/untitled/src/MathMain.java,MathMain::getSumBetween,31,17,Default task
2021-09-12T20:40:14.411+09:00,송재홍,KeyEvent,65535:39:0,untitled,Editor,C:/Users/송재홍/IdeaProjects/untitled/src/MathMain.java,MathMain::getSumBetween,31,18,Default task
2021-09-12T20:40:14.585+09:00,송재홍,IdeState,Active,untitled,Editor,C:/Users/송재홍/IdeaProjects/untitled/src/MathMain.java,MathMain::getSumBetween,31,18,Default task
2021-09-12T20:40:14.785+09:00,송재홍,KeyEvent,92:92:0,untitled,Editor,C:/Users/송재홍/IdeaProjects/untitled/src/MathMain.java,MathMain::getSumBetween,31,18,Default task
2021-09-12T20:40:14.927+09:00,송재홍,Action,EditorBackSpace,untitled,Editor,C:/Users/송재홍/IdeaProjects/untitled/src/MathMain.java,MathMain::getSumBetween,31,19,Default task
2021-09-12T20:40:14.930+09:00,송재홍,KeyEvent,8:8:0,untitled,Editor,C:/Users/송재홍/IdeaProjects/untitled/src/MathMain.java,MathMain::getSumBetween,31,18,Default task
2021-09-12T20:40:15.193+09:00,송재홍,Action,EditorBackSpace,untitled,Editor,C:/Users/송재홍/IdeaProjects/untitled/src/MathMain.java,MathMain::getSumBetween,31,18,Default task
2021-09-12T20:40:15.195+09:00,송재홍,KeyEvent,8:8:0,untitled,Editor,C:/Users/송재홍/IdeaProjects/untitled/src/MathMain.java,MathMain::getSumBetween,31,17,Default task
2021-09-12T20:40:15.356+09:00,송재홍,Action,EditorBackSpace,untitled,Editor,C:/Users/송재홍/IdeaProjects/untitled/src/MathMain.java,MathMain::getSumBetween,31,17,Default task
2021-09-12T20:40:15.359+09:00,송재홍,KeyEvent,8:8:0,untitled,Editor,C:/Users/송재홍/IdeaProjects/untitled/src/MathMain.java,MathMain::getSumBetween,31,16,Default task
2021-09-12T20:40:15.593+09:00,송재홍,IdeState,Active,untitled,Editor,C:/Users/송재홍/IdeaProjects/untitled/src/MathMain.java,MathMain::getSumBetween,31,16,Default task
2021-09-12T20:40:16.600+09:00,송재홍,IdeState,Active,untitled,Editor,C:/Users/송재홍/IdeaProjects/untitled/src/MathMain.java,MathMain::getProductBetween,36,19,Default task
2021-09-12T20:40:17.607+09:00,송재홍,IdeState,Active,untitled,Editor,C:/Users/송재홍/IdeaProjects/untitled/src/MathMain.java,MathMain::getProductBetween,36,19,Default task
2021-09-12T20:40:18.575+09:00,송재홍,Action,Run,untitled,Editor,C:/Users/송재홍/IdeaProjects/untitled/src/MathMain.java,MathMain::getProductBetween,36,19,Default task
2021-09-12T20:40:18.615+09:00,송재홍,IdeState,Active,untitled,Editor,C:/Users/송재홍/IdeaProjects/untitled/src/MathMain.java,MathMain::getProductBetween,36,19,Default task
2021-09-12T20:40:19.623+09:00,송재홍,IdeState,Active,untitled,Editor,C:/Users/송재홍/IdeaProjects/untitled/src/MathMain.java,MathMain::getProductBetween,36,19,Default task
2021-09-12T20:40:20.650+09:00,송재홍,IdeState,Active,untitled,Editor,C:/Users/송재홍/IdeaProjects/untitled/src/MathMain.java,MathMain::getProductBetween,36,19,Default task
2021-09-12T20:40:21.657+09:00,송재홍,IdeState,Active,untitled,Editor,C:/Users/송재홍/IdeaProjects/untitled/src/MathMain.java,MathMain::getProductBetween,36,19,Default task
2021-09-12T20:40:22.618+09:00,송재홍,KeyEvent,50:50:0,untitled,Editor,C:/Users/송재홍/IdeaProjects/untitled/src/MathMain.java,MathMain::getProductBetween,36,19,Default task
2021-09-12T20:40:22.672+09:00,송재홍,IdeState,Active,untitled,Editor,C:/Users/송재홍/IdeaProjects/untitled/src/MathMain.java,MathMain::getProductBetween,36,19,Default task
2021-09-12T20:40:23.277+09:00,송재홍,KeyEvent,10:10:0,untitled,Editor,C:/Users/송재홍/IdeaProjects/untitled/src/MathMain.java,MathMain::getProductBetween,36,19,Default task
2021-09-12T20:40:23.541+09:00,송재홍,KeyEvent,49:49:0,untitled,Editor,C:/Users/송재홍/IdeaProjects/untitled/src/MathMain.java,MathMain::getProductBetween,36,19,Default task
2021-09-12T20:40:23.654+09:00,송재홍,KeyEvent,48:48:0,untitled,Editor,C:/Users/송재홍/IdeaProjects/untitled/src/MathMain.java,MathMain::getProductBetween,36,19,Default task
2021-09-12T20:40:23.681+09:00,송재홍,IdeState,Active,untitled,Editor,C:/Users/송재홍/IdeaProjects/untitled/src/MathMain.java,MathMain::getProductBetween,36,19,Default task
2021-09-12T20:40:23.856+09:00,송재홍,KeyEvent,10:10:0,untitled,Editor,C:/Users/송재홍/IdeaProjects/untitled/src/MathMain.java,MathMain::getProductBetween,36,19,Default task
2021-09-12T20:40:24.691+09:00,송재홍,IdeState,Active,untitled,Editor,C:/Users/송재홍/IdeaProjects/untitled/src/MathMain.java,MathMain::getProductBetween,36,19,Default task
2021-09-12T20:40:25.692+09:00,송재홍,IdeState,Active,untitled,Editor,C:/Users/송재홍/IdeaProjects/untitled/src/MathMain.java,MathMain::getProductBetween,36,19,Default task
2021-09-12T20:40:26.698+09:00,송재홍,IdeState,Active,untitled,Editor,C:/Users/송재홍/IdeaProjects/untitled/src/MathMain.java,MathMain::getProductBetween,36,19,Default task
2021-09-12T20:40:27.704+09:00,송재홍,IdeState,Inactive,,,,,-1,-1,
2021-09-12T20:40:28.714+09:00,송재홍,IdeState,Inactive,,,,,-1,-1,
2021-09-12T20:40:29.716+09:00,송재홍,IdeState,Inactive,,,,,-1,-1,
2021-09-12T20:40:30.731+09:00,송재홍,IdeState,Inactive,,,,,-1,-1,
2021-09-12T20:40:31.740+09:00,송재홍,IdeState,Active,untitled,Editor,C:/Users/송재홍/IdeaProjects/untitled/src/MathMain.java,MathMain::getProductBetween,34,18,Default task
2021-09-12T20:40:32.748+09:00,송재홍,IdeState,Active,untitled,Editor,C:/Users/송재홍/IdeaProjects/untitled/src/MathMain.java,MathMain::getProductBetween,34,18,Default task
2021-09-12T20:40:33.751+09:00,송재홍,IdeState,Active,untitled,Editor,C:/Users/송재홍/IdeaProjects/untitled/src/MathMain.java,MathMain::getProductBetween,34,18,Default task
2021-09-12T20:40:34.768+09:00,송재홍,IdeState,Inactive,,,,,-1,-1,
2021-09-12T20:40:35.778+09:00,송재홍,IdeState,Inactive,,,,,-1,-1,
2021-09-12T20:40:36.783+09:00,송재홍,IdeState,Inactive,,,,,-1,-1,
2021-09-12T20:40:37.793+09:00,송재홍,IdeState,Inactive,,,,,-1,-1,
2021-09-12T20:40:38.795+09:00,송재홍,IdeState,Inactive,,,,,-1,-1,
2021-09-12T20:40:39.798+09:00,송재홍,IdeState,Inactive,,,,,-1,-1,
2021-09-12T20:40:40.811+09:00,송재홍,IdeState,Inactive,,,,,-1,-1,
2021-09-12T20:40:41.813+09:00,송재홍,IdeState,Active,untitled,Editor,C:/Users/송재홍/IdeaProjects/untitled/src/MathMain.java,MathMain::getProductBetween,34,18,Default task
2021-09-12T20:40:42.828+09:00,송재홍,IdeState,Active,untitled,Editor,C:/Users/송재홍/IdeaProjects/untitled/src/MathMain.java,MathMain::getProductBetween,34,18,Default task
2021-09-12T20:40:43.830+09:00,송재홍,IdeState,Active,untitled,Editor,C:/Users/송재홍/IdeaProjects/untitled/src/MathMain.java,MathMain::getProductBetween,34,18,Default task
2021-09-12T20:40:44.834+09:00,송재홍,IdeState,Active,untitled,Editor,C:/Users/송재홍/IdeaProjects/untitled/src/MathMain.java,MathMain::getProductBetween,34,18,Default task
2021-09-12T20:40:45.839+09:00,송재홍,IdeState,Active,untitled,Editor,C:/Users/송재홍/IdeaProjects/untitled/src/MathMain.java,MathMain::getProductBetween,34,18,Default task
2021-09-12T20:40:46.846+09:00,송재홍,IdeState,Active,untitled,Editor,C:/Users/송재홍/IdeaProjects/untitled/src/MathMain.java,MathMain::getProductBetween,34,18,Default task
2021-09-12T20:40:47.853+09:00,송재홍,IdeState,Active,untitled,Editor,C:/Users/송재홍/IdeaProjects/untitled/src/MathMain.java,MathMain::getProductBetween,34,18,Default task
2021-09-12T20:40:48.860+09:00,송재홍,IdeState,Active,untitled,Editor,C:/Users/송재홍/IdeaProjects/untitled/src/MathMain.java,MathMain::getProductBetween,34,18,Default task
2021-09-12T20:40:49.866+09:00,송재홍,IdeState,Active,untitled,Editor,C:/Users/송재홍/IdeaProjects/untitled/src/MathMain.java,MathMain::getProductBetween,34,18,Default task
2021-09-12T20:40:50.868+09:00,송재홍,IdeState,Active,untitled,Editor,C:/Users/송재홍/IdeaProjects/untitled/src/MathMain.java,MathMain::getProductBetween,34,18,Default task
2021-09-12T20:40:51.874+09:00,송재홍,IdeState,Active,untitled,Editor,C:/Users/송재홍/IdeaProjects/untitled/src/MathMain.java,MathMain::getProductBetween,34,18,Default task
2021-09-12T20:40:52.888+09:00,송재홍,IdeState,Active,untitled,Editor,C:/Users/송재홍/IdeaProjects/untitled/src/MathMain.java,MathMain::getProductBetween,34,18,Default task
2021-09-12T20:40:53.902+09:00,송재홍,IdeState,Active,untitled,Editor,C:/Users/송재홍/IdeaProjects/untitled/src/MathMain.java,MathMain::getProductBetween,34,18,Default task
2021-09-12T20:40:54.906+09:00,송재홍,IdeState,Active,untitled,Editor,C:/Users/송재홍/IdeaProjects/untitled/src/MathMain.java,MathMain::getProductBetween,34,18,Default task
2021-09-12T20:40:55.921+09:00,송재홍,IdeState,Active,untitled,Editor,C:/Users/송재홍/IdeaProjects/untitled/src/MathMain.java,MathMain::getProductBetween,34,18,Default task
2021-09-12T20:40:56.933+09:00,송재홍,IdeState,Active,untitled,Editor,C:/Users/송재홍/IdeaProjects/untitled/src/MathMain.java,MathMain::getProductBetween,34,18,Default task
2021-09-12T20:40:57.946+09:00,송재홍,IdeState,Active,untitled,Editor,C:/Users/송재홍/IdeaProjects/untitled/src/MathMain.java,MathMain::getProductBetween,34,18,Default task
2021-09-12T20:40:58.951+09:00,송재홍,IdeState,Active,untitled,Editor,C:/Users/송재홍/IdeaProjects/untitled/src/MathMain.java,MathMain::getProductBetween,34,18,Default task
2021-09-12T20:40:59.953+09:00,송재홍,IdeState,Active,untitled,Editor,C:/Users/송재홍/IdeaProjects/untitled/src/MathMain.java,MathMain::getProductBetween,34,18,Default task
2021-09-12T20:41:01.002+09:00,송재홍,IdeState,Active,untitled,Editor,C:/Users/송재홍/IdeaProjects/untitled/src/MathMain.java,MathMain::getProductBetween,34,18,Default task
2021-09-12T20:41:02.014+09:00,송재홍,IdeState,Active,untitled,Editor,C:/Users/송재홍/IdeaProjects/untitled/src/MathMain.java,MathMain::getProductBetween,34,18,Default task
2021-09-12T20:41:03.019+09:00,송재홍,IdeState,Active,untitled,Editor,C:/Users/송재홍/IdeaProjects/untitled/src/MathMain.java,MathMain::main,18,61,Default task
2021-09-12T20:41:03.379+09:00,송재홍,Action,EditorBackSpace,untitled,Editor,C:/Users/송재홍/IdeaProjects/untitled/src/MathMain.java,MathMain::main,18,61,Default task
2021-09-12T20:41:03.383+09:00,송재홍,KeyEvent,8:8:0,untitled,Editor,C:/Users/송재홍/IdeaProjects/untitled/src/MathMain.java,MathMain::main,18,60,Default task
2021-09-12T20:41:03.514+09:00,송재홍,Action,EditorBackSpace,untitled,Editor,C:/Users/송재홍/IdeaProjects/untitled/src/MathMain.java,MathMain::main,18,60,Default task
2021-09-12T20:41:03.516+09:00,송재홍,KeyEvent,8:8:0,untitled,Editor,C:/Users/송재홍/IdeaProjects/untitled/src/MathMain.java,MathMain::main,18,59,Default task
2021-09-12T20:41:04.027+09:00,송재홍,IdeState,Active,untitled,Editor,C:/Users/송재홍/IdeaProjects/untitled/src/MathMain.java,MathMain::main,18,59,Default task
2021-09-12T20:41:05.035+09:00,송재홍,IdeState,Active,untitled,Editor,C:/Users/송재홍/IdeaProjects/untitled/src/MathMain.java,MathMain::main,18,59,Default task
2021-09-12T20:41:05.843+09:00,송재홍,KeyEvent,65535:17:2,untitled,Editor,C:/Users/송재홍/IdeaProjects/untitled/src/MathMain.java,MathMain::main,17,31,Default task
2021-09-12T20:41:06.024+09:00,송재홍,Action,SaveAll,untitled,Editor,C:/Users/송재홍/IdeaProjects/untitled/src/MathMain.java,MathMain::main,17,31,Default task
2021-09-12T20:41:06.033+09:00,송재홍,KeyEvent,19:83:2,untitled,Editor,C:/Users/송재홍/IdeaProjects/untitled/src/MathMain.java,MathMain::main,17,31,Default task
2021-09-12T20:41:06.078+09:00,송재홍,IdeState,Active,untitled,Editor,C:/Users/송재홍/IdeaProjects/untitled/src/MathMain.java,MathMain::main,17,31,Default task
2021-09-12T20:41:06.244+09:00,송재홍,Action,SaveAll,untitled,Editor,C:/Users/송재홍/IdeaProjects/untitled/src/MathMain.java,MathMain::main,17,31,Default task
2021-09-12T20:41:06.244+09:00,송재홍,KeyEvent,19:83:2,untitled,Editor,C:/Users/송재홍/IdeaProjects/untitled/src/MathMain.java,MathMain::main,17,31,Default task
2021-09-12T20:41:07.087+09:00,송재홍,IdeState,Active,untitled,Editor,C:/Users/송재홍/IdeaProjects/untitled/src/MathMain.java,MathMain::main,17,31,Default task
2021-09-12T20:41:08.089+09:00,송재홍,IdeState,Active,untitled,Editor,C:/Users/송재홍/IdeaProjects/untitled/src/MathMain.java,MathMain::main,17,31,Default task
2021-09-12T20:41:09.101+09:00,송재홍,IdeState,Active,untitled,Editor,C:/Users/송재홍/IdeaProjects/untitled/src/MathMain.java,MathMain::main,17,31,Default task
2021-09-12T20:41:10.108+09:00,송재홍,IdeState,Active,untitled,Editor,C:/Users/송재홍/IdeaProjects/untitled/src/MathMain.java,MathMain::main,17,31,Default task
2021-09-12T20:41:11.117+09:00,송재홍,IdeState,Inactive,,,,,-1,-1,
2021-09-12T20:41:12.132+09:00,송재홍,IdeState,Inactive,,,,,-1,-1,
2021-09-12T20:41:13.139+09:00,송재홍,IdeState,Inactive,,,,,-1,-1,
2021-09-12T20:41:14.141+09:00,송재홍,IdeState,Active,untitled,Editor,C:/Users/송재홍/IdeaProjects/untitled/src/MathMain.java,MathMain::main,18,59,Default task
2021-09-12T20:41:14.407+09:00,송재홍,KeyEvent,92:92:0,untitled,Editor,C:/Users/송재홍/IdeaProjects/untitled/src/MathMain.java,MathMain::main,18,59,Default task
2021-09-12T20:41:14.754+09:00,송재홍,KeyEvent,110:78:0,untitled,Editor,C:/Users/송재홍/IdeaProjects/untitled/src/MathMain.java,MathMain::main,18,60,Default task
2021-09-12T20:41:15.164+09:00,송재홍,IdeState,Active,untitled,Editor,C:/Users/송재홍/IdeaProjects/untitled/src/MathMain.java,MathMain::main,18,61,Default task
2021-09-12T20:41:16.171+09:00,송재홍,IdeState,Active,untitled,Editor,C:/Users/송재홍/IdeaProjects/untitled/src/MathMain.java,MathMain::main,18,61,Default task
2021-09-12T20:41:17.187+09:00,송재홍,IdeState,Active,untitled,Editor,C:/Users/송재홍/IdeaProjects/untitled/src/MathMain.java,MathMain::main,18,61,Default task
2021-09-12T20:41:18.189+09:00,송재홍,IdeState,Active,untitled,Editor,C:/Users/송재홍/IdeaProjects/untitled/src/MathMain.java,MathMain::main,18,61,Default task
2021-09-12T20:41:19.194+09:00,송재홍,IdeState,Active,untitled,Editor,C:/Users/송재홍/IdeaProjects/untitled/src/MathMain.java,MathMain::main,15,54,Default task
2021-09-12T20:41:19.963+09:00,송재홍,Action,EditorBackSpace,untitled,Editor,C:/Users/송재홍/IdeaProjects/untitled/src/MathMain.java,MathMain::main,15,54,Default task
2021-09-12T20:41:19.967+09:00,송재홍,KeyEvent,8:8:0,untitled,Editor,C:/Users/송재홍/IdeaProjects/untitled/src/MathMain.java,MathMain::main,15,53,Default task
2021-09-12T20:41:20.203+09:00,송재홍,IdeState,Active,untitled,Editor,C:/Users/송재홍/IdeaProjects/untitled/src/MathMain.java,MathMain::main,15,53,Default task
2021-09-12T20:41:20.317+09:00,송재홍,KeyEvent,65535:16:1,untitled,Editor,C:/Users/송재홍/IdeaProjects/untitled/src/MathMain.java,MathMain::main,15,53,Default task
2021-09-12T20:41:20.495+09:00,송재홍,KeyEvent,37:53:1,untitled,Editor,C:/Users/송재홍/IdeaProjects/untitled/src/MathMain.java,MathMain::main,15,53,Default task
2021-09-12T20:41:21.206+09:00,송재홍,IdeState,Active,untitled,Editor,C:/Users/송재홍/IdeaProjects/untitled/src/MathMain.java,MathMain::main,15,54,Default task
2021-09-12T20:41:22.207+09:00,송재홍,IdeState,Active,untitled,Editor,C:/Users/송재홍/IdeaProjects/untitled/src/MathMain.java,MathMain::main,15,54,Default task
2021-09-12T20:41:23.223+09:00,송재홍,IdeState,Active,untitled,Editor,C:/Users/송재홍/IdeaProjects/untitled/src/MathMain.java,MathMain::main,18,60,Default task
2021-09-12T20:41:23.517+09:00,송재홍,Action,EditorBackSpace,untitled,Editor,C:/Users/송재홍/IdeaProjects/untitled/src/MathMain.java,MathMain::main,18,60,Default task
2021-09-12T20:41:23.519+09:00,송재홍,KeyEvent,8:8:0,untitled,Editor,C:/Users/송재홍/IdeaProjects/untitled/src/MathMain.java,MathMain::main,18,59,Default task
2021-09-12T20:41:23.780+09:00,송재홍,KeyEvent,65535:16:1,untitled,Editor,C:/Users/송재홍/IdeaProjects/untitled/src/MathMain.java,MathMain::main,18,59,Default task
2021-09-12T20:41:23.963+09:00,송재홍,KeyEvent,37:53:1,untitled,Editor,C:/Users/송재홍/IdeaProjects/untitled/src/MathMain.java,MathMain::main,18,59,Default task
2021-09-12T20:41:24.226+09:00,송재홍,IdeState,Active,untitled,Editor,C:/Users/송재홍/IdeaProjects/untitled/src/MathMain.java,MathMain::main,18,60,Default task
2021-09-12T20:41:25.234+09:00,송재홍,IdeState,Active,untitled,Editor,C:/Users/송재홍/IdeaProjects/untitled/src/MathMain.java,MathMain::main,18,60,Default task
2021-09-12T20:41:26.237+09:00,송재홍,IdeState,Active,untitled,Editor,C:/Users/송재홍/IdeaProjects/untitled/src/MathMain.java,MathMain::main,18,60,Default task
2021-09-12T20:41:27.243+09:00,송재홍,IdeState,Active,untitled,Editor,C:/Users/송재홍/IdeaProjects/untitled/src/MathMain.java,MathMain::main,18,60,Default task
2021-09-12T20:41:28.250+09:00,송재홍,IdeState,Active,untitled,Editor,C:/Users/송재홍/IdeaProjects/untitled/src/MathMain.java,MathMain::main,18,60,Default task
2021-09-12T20:41:29.256+09:00,송재홍,IdeState,Active,untitled,Editor,C:/Users/송재홍/IdeaProjects/untitled/src/MathMain.java,MathMain::main,18,60,Default task
2021-09-12T20:41:30.259+09:00,송재홍,IdeState,Active,untitled,Editor,C:/Users/송재홍/IdeaProjects/untitled/src/MathMain.java,MathMain::main,18,60,Default task
2021-09-12T20:41:31.264+09:00,송재홍,IdeState,Active,untitled,Editor,C:/Users/송재홍/IdeaProjects/untitled/src/MathMain.java,MathMain::main,18,60,Default task
2021-09-12T20:41:32.272+09:00,송재홍,IdeState,Active,untitled,Editor,C:/Users/송재홍/IdeaProjects/untitled/src/MathMain.java,MathMain::main,18,60,Default task
2021-09-12T20:41:33.279+09:00,송재홍,IdeState,Active,untitled,Editor,C:/Users/송재홍/IdeaProjects/untitled/src/MathMain.java,MathMain::main,18,60,Default task
2021-09-12T20:41:34.281+09:00,송재홍,IdeState,Inactive,,,,,-1,-1,
2021-09-12T20:41:35.285+09:00,송재홍,IdeState,Inactive,,,,,-1,-1,
2021-09-12T20:41:36.292+09:00,송재홍,IdeState,Inactive,,,,,-1,-1,
2021-09-12T20:41:37.298+09:00,송재홍,IdeState,Inactive,,,,,-1,-1,
2021-09-12T20:41:38.312+09:00,송재홍,IdeState,Inactive,,,,,-1,-1,
2021-09-12T20:41:39.329+09:00,송재홍,IdeState,Active,untitled,Editor,C:/Users/송재홍/IdeaProjects/untitled/src/MathMain.java,MathMain::main,18,60,Default task
2021-09-12T20:41:40.342+09:00,송재홍,IdeState,Active,untitled,Editor,C:/Users/송재홍/IdeaProjects/untitled/src/MathMain.java,MathMain::main,18,60,Default task
2021-09-12T20:41:41.356+09:00,송재홍,IdeState,Active,untitled,Editor,C:/Users/송재홍/IdeaProjects/untitled/src/MathMain.java,MathMain::main,18,60,Default task
2021-09-12T20:41:42.371+09:00,송재홍,IdeState,Active,untitled,Editor,C:/Users/송재홍/IdeaProjects/untitled/src/MathMain.java,MathMain::main,18,60,Default task
2021-09-12T20:41:43.374+09:00,송재홍,IdeState,Active,untitled,Editor,C:/Users/송재홍/IdeaProjects/untitled/src/MathMain.java,MathMain::main,18,60,Default task
2021-09-12T20:41:44.378+09:00,송재홍,IdeState,Active,untitled,Editor,C:/Users/송재홍/IdeaProjects/untitled/src/MathMain.java,MathMain::main,18,60,Default task
2021-09-12T20:41:45.382+09:00,송재홍,IdeState,Active,untitled,Editor,C:/Users/송재홍/IdeaProjects/untitled/src/MathMain.java,MathMain::main,18,60,Default task
2021-09-12T20:41:46.387+09:00,송재홍,IdeState,Active,untitled,Editor,C:/Users/송재홍/IdeaProjects/untitled/src/MathMain.java,MathMain::main,18,60,Default task
2021-09-12T20:41:47.388+09:00,송재홍,IdeState,Inactive,,,,,-1,-1,
2021-09-12T20:41:48.402+09:00,송재홍,IdeState,Active,untitled,Editor,C:/Users/송재홍/IdeaProjects/untitled/src/MathMain.java,MathMain::main,19,0,Default task
2021-09-12T20:41:49.405+09:00,송재홍,IdeState,Active,untitled,Editor,C:/Users/송재홍/IdeaProjects/untitled/src/MathMain.java,MathMain::main,19,0,Default task
2021-09-12T20:41:50.421+09:00,송재홍,IdeState,Active,untitled,Editor,C:/Users/송재홍/IdeaProjects/untitled/src/MathMain.java,MathMain::main,19,0,Default task
2021-09-12T20:41:51.434+09:00,송재홍,IdeState,Active,untitled,Editor,C:/Users/송재홍/IdeaProjects/untitled/src/MathMain.java,MathMain::main,19,0,Default task
2021-09-12T20:41:52.437+09:00,송재홍,IdeState,Active,untitled,Editor,C:/Users/송재홍/IdeaProjects/untitled/src/MathMain.java,MathMain::main,19,0,Default task
2021-09-12T20:41:53.438+09:00,송재홍,IdeState,Active,untitled,Editor,C:/Users/송재홍/IdeaProjects/untitled/src/MathMain.java,MathMain::main,19,0,Default task
2021-09-12T20:41:54.444+09:00,송재홍,IdeState,Active,untitled,Editor,C:/Users/송재홍/IdeaProjects/untitled/src/MathMain.java,MathMain::main,19,0,Default task
2021-09-12T20:41:55.449+09:00,송재홍,IdeState,Active,untitled,Editor,C:/Users/송재홍/IdeaProjects/untitled/src/MathMain.java,MathMain::main,19,0,Default task
2021-09-12T20:41:56.454+09:00,송재홍,IdeState,Active,untitled,Editor,C:/Users/송재홍/IdeaProjects/untitled/src/MathMain.java,MathMain::main,19,0,Default task
2021-09-12T20:41:57.457+09:00,송재홍,IdeState,Active,untitled,Editor,C:/Users/송재홍/IdeaProjects/untitled/src/MathMain.java,MathMain::main,19,0,Default task
2021-09-12T20:41:58.519+09:00,송재홍,IdeState,Active,untitled,Editor,C:/Users/송재홍/IdeaProjects/untitled/src/MathMain.java,MathMain::main,19,0,Default task
2021-09-12T20:41:59.532+09:00,송재홍,IdeState,Active,untitled,Editor,C:/Users/송재홍/IdeaProjects/untitled/src/MathMain.java,MathMain::main,19,0,Default task
2021-09-12T20:42:00.542+09:00,송재홍,IdeState,Inactive,,,,,-1,-1,
2021-09-12T20:42:01.547+09:00,송재홍,IdeState,Inactive,,,,,-1,-1,
2021-09-12T20:42:02.552+09:00,송재홍,IdeState,Inactive,,,,,-1,-1,
2021-09-12T20:42:03.565+09:00,송재홍,IdeState,Active,untitled,Editor,C:/Users/송재홍/IdeaProjects/untitled/src/MathMain.java,MathMain::getProductBetween,35,31,Default task
2021-09-12T20:42:04.571+09:00,송재홍,IdeState,Active,untitled,Editor,C:/Users/송재홍/IdeaProjects/untitled/src/MathMain.java,MathMain::getProductBetween,35,31,Default task
2021-09-12T20:42:05.578+09:00,송재홍,IdeState,Active,untitled,Editor,C:/Users/송재홍/IdeaProjects/untitled/src/MathMain.java,MathMain::getProductBetween,35,31,Default task
2021-09-12T20:42:06.593+09:00,송재홍,IdeState,Active,untitled,Editor,C:/Users/송재홍/IdeaProjects/untitled/src/MathMain.java,MathMain::getProductBetween,35,31,Default task
2021-09-12T20:42:07.597+09:00,송재홍,IdeState,Active,untitled,Editor,C:/Users/송재홍/IdeaProjects/untitled/src/MathMain.java,,0,0,Default task
2021-09-12T20:42:08.194+09:00,송재홍,Action,EditorBackSpace,untitled,Editor,C:/Users/송재홍/IdeaProjects/untitled/src/MathMain.java,,0,0,Default task
2021-09-12T20:42:08.197+09:00,송재홍,KeyEvent,8:8:0,untitled,Editor,C:/Users/송재홍/IdeaProjects/untitled/src/MathMain.java,,0,0,Default task
2021-09-12T20:42:08.610+09:00,송재홍,IdeState,Active,untitled,Editor,C:/Users/송재홍/IdeaProjects/untitled/src/MathMain.java,,0,0,Default task
2021-09-12T20:42:09.611+09:00,송재홍,IdeState,Active,untitled,Editor,C:/Users/송재홍/IdeaProjects/untitled/src/MathMain.java,,0,0,Default task
2021-09-12T20:42:10.624+09:00,송재홍,IdeState,Active,untitled,Editor,C:/Users/송재홍/IdeaProjects/untitled/src/MathMain.java,,0,0,Default task
2021-09-12T20:42:11.640+09:00,송재홍,IdeState,Active,untitled,Editor,C:/Users/송재홍/IdeaProjects/untitled/src/MathMain.java,MathMain::main,5,56,Default task
2021-09-12T20:42:12.645+09:00,송재홍,IdeState,Active,untitled,Editor,C:/Users/송재홍/IdeaProjects/untitled/src/MathMain.java,MathMain::main,5,0,Default task
2021-09-12T20:42:12.686+09:00,송재홍,Action,EditorBackSpace,untitled,Editor,C:/Users/송재홍/IdeaProjects/untitled/src/MathMain.java,MathMain::main,5,0,Default task
2021-09-12T20:42:12.690+09:00,송재홍,KeyEvent,8:8:0,untitled,Editor,C:/Users/송재홍/IdeaProjects/untitled/src/MathMain.java,MathMain::main,5,0,Default task
2021-09-12T20:42:13.171+09:00,송재홍,Action,EditorBackSpace,untitled,Editor,C:/Users/송재홍/IdeaProjects/untitled/src/MathMain.java,MathMain::main,5,0,Default task
2021-09-12T20:42:13.175+09:00,송재홍,KeyEvent,8:8:0,untitled,Editor,C:/Users/송재홍/IdeaProjects/untitled/src/MathMain.java,MathMain::main,4,44,Default task
2021-09-12T20:42:13.659+09:00,송재홍,IdeState,Active,untitled,Editor,C:/Users/송재홍/IdeaProjects/untitled/src/MathMain.java,MathMain::main,4,44,Default task
2021-09-12T20:42:14.221+09:00,송재홍,Action,EditorBackSpace,untitled,Editor,C:/Users/송재홍/IdeaProjects/untitled/src/MathMain.java,,0,0,Default task
2021-09-12T20:42:14.223+09:00,송재홍,KeyEvent,8:8:0,untitled,Editor,C:/Users/송재홍/IdeaProjects/untitled/src/MathMain.java,,0,0,Default task
2021-09-12T20:42:14.668+09:00,송재홍,IdeState,Active,untitled,Editor,C:/Users/송재홍/IdeaProjects/untitled/src/MathMain.java,,0,0,Default task
2021-09-12T20:42:15.618+09:00,송재홍,Action,EditorBackSpace,untitled,Editor,C:/Users/송재홍/IdeaProjects/untitled/src/MathMain.java,,1,0,Default task
2021-09-12T20:42:15.628+09:00,송재홍,KeyEvent,8:8:0,untitled,Editor,C:/Users/송재홍/IdeaProjects/untitled/src/MathMain.java,,0,0,Default task
2021-09-12T20:42:15.673+09:00,송재홍,IdeState,Active,untitled,Editor,C:/Users/송재홍/IdeaProjects/untitled/src/MathMain.java,,0,0,Default task
2021-09-12T20:42:16.689+09:00,송재홍,IdeState,Active,untitled,Editor,C:/Users/송재홍/IdeaProjects/untitled/src/MathMain.java,,0,0,Default task
2021-09-12T20:42:17.254+09:00,송재홍,Action,Run,untitled,Editor,C:/Users/송재홍/IdeaProjects/untitled/src/MathMain.java,,0,0,Default task
2021-09-12T20:42:17.696+09:00,송재홍,IdeState,Active,untitled,Editor,C:/Users/송재홍/IdeaProjects/untitled/src/MathMain.java,,0,0,Default task
2021-09-12T20:42:18.702+09:00,송재홍,IdeState,Active,untitled,Editor,C:/Users/송재홍/IdeaProjects/untitled/src/MathMain.java,,0,0,Default task
2021-09-12T20:42:19.708+09:00,송재홍,IdeState,Active,untitled,Editor,C:/Users/송재홍/IdeaProjects/untitled/src/MathMain.java,,0,0,Default task
2021-09-12T20:42:20.662+09:00,송재홍,KeyEvent,50:50:0,untitled,Editor,C:/Users/송재홍/IdeaProjects/untitled/src/MathMain.java,,0,0,Default task
2021-09-12T20:42:20.716+09:00,송재홍,IdeState,Active,untitled,Editor,C:/Users/송재홍/IdeaProjects/untitled/src/MathMain.java,,0,0,Default task
2021-09-12T20:42:20.798+09:00,송재홍,KeyEvent,10:10:0,untitled,Editor,C:/Users/송재홍/IdeaProjects/untitled/src/MathMain.java,,0,0,Default task
2021-09-12T20:42:21.148+09:00,송재홍,KeyEvent,49:49:0,untitled,Editor,C:/Users/송재홍/IdeaProjects/untitled/src/MathMain.java,,0,0,Default task
2021-09-12T20:42:21.261+09:00,송재홍,KeyEvent,48:48:0,untitled,Editor,C:/Users/송재홍/IdeaProjects/untitled/src/MathMain.java,,0,0,Default task
2021-09-12T20:42:21.473+09:00,송재홍,KeyEvent,10:10:0,untitled,Editor,C:/Users/송재홍/IdeaProjects/untitled/src/MathMain.java,,0,0,Default task
2021-09-12T20:42:21.718+09:00,송재홍,IdeState,Active,untitled,Editor,C:/Users/송재홍/IdeaProjects/untitled/src/MathMain.java,,0,0,Default task
2021-09-12T20:42:22.724+09:00,송재홍,IdeState,Active,untitled,Editor,C:/Users/송재홍/IdeaProjects/untitled/src/MathMain.java,,0,0,Default task
2021-09-12T20:42:23.725+09:00,송재홍,IdeState,Active,untitled,Editor,C:/Users/송재홍/IdeaProjects/untitled/src/MathMain.java,,0,0,Default task
2021-09-12T20:42:24.731+09:00,송재홍,IdeState,Active,untitled,Editor,C:/Users/송재홍/IdeaProjects/untitled/src/MathMain.java,,0,0,Default task
2021-09-12T20:42:25.395+09:00,송재홍,KeyEvent,65535:17:2,untitled,Editor,C:/Users/송재홍/IdeaProjects/untitled/src/MathMain.java,MathMain::main,11,0,Default task
2021-09-12T20:42:25.466+09:00,송재홍,Action,SaveAll,untitled,Editor,C:/Users/송재홍/IdeaProjects/untitled/src/MathMain.java,MathMain::main,11,0,Default task
2021-09-12T20:42:25.466+09:00,송재홍,KeyEvent,19:83:2,untitled,Editor,C:/Users/송재홍/IdeaProjects/untitled/src/MathMain.java,MathMain::main,11,0,Default task
2021-09-12T20:42:25.650+09:00,송재홍,Action,SaveAll,untitled,Editor,C:/Users/송재홍/IdeaProjects/untitled/src/MathMain.java,MathMain::main,11,0,Default task
2021-09-12T20:42:25.650+09:00,송재홍,KeyEvent,19:83:2,untitled,Editor,C:/Users/송재홍/IdeaProjects/untitled/src/MathMain.java,MathMain::main,11,0,Default task
2021-09-12T20:42:25.735+09:00,송재홍,IdeState,Active,untitled,Editor,C:/Users/송재홍/IdeaProjects/untitled/src/MathMain.java,MathMain::main,11,0,Default task
2021-09-12T20:42:25.798+09:00,송재홍,Action,SaveAll,untitled,Editor,C:/Users/송재홍/IdeaProjects/untitled/src/MathMain.java,MathMain::main,11,0,Default task
2021-09-12T20:42:25.798+09:00,송재홍,KeyEvent,19:83:2,untitled,Editor,C:/Users/송재홍/IdeaProjects/untitled/src/MathMain.java,MathMain::main,11,0,Default task
2021-09-12T20:42:26.751+09:00,송재홍,IdeState,Active,untitled,Popup,C:/Users/송재홍/IdeaProjects/untitled/src/MathMain.java,MathMain::main,11,0,Default task
2021-09-12T20:42:27.766+09:00,송재홍,IdeState,Active,untitled,Popup,C:/Users/송재홍/IdeaProjects/untitled/src/MathMain.java,MathMain::main,11,0,Default task
2021-09-12T20:42:28.348+09:00,송재홍,Action,RevealIn,untitled,Popup,C:/Users/송재홍/IdeaProjects/untitled/src/MathMain.java,MathMain::main,11,0,Default task
2021-09-12T20:42:28.772+09:00,송재홍,IdeState,Active,untitled,Editor,C:/Users/송재홍/IdeaProjects/untitled/src/MathMain.java,MathMain::main,11,0,Default task
2021-09-12T20:42:29.780+09:00,송재홍,IdeState,Inactive,,,,,-1,-1,
2021-09-12T20:42:30.796+09:00,송재홍,IdeState,Inactive,,,,,-1,-1,
2021-09-12T20:42:31.809+09:00,송재홍,IdeState,Inactive,,,,,-1,-1,
2021-09-12T20:42:32.825+09:00,송재홍,IdeState,Inactive,,,,,-1,-1,
2021-09-12T20:42:33.826+09:00,송재홍,IdeState,Inactive,,,,,-1,-1,
2021-09-12T20:42:34.830+09:00,송재홍,IdeState,Active,untitled,Popup,C:/Users/송재홍/IdeaProjects/untitled/src/MathMain.java,MathMain::main,11,0,Default task
2021-09-12T20:42:35.840+09:00,송재홍,IdeState,Active,untitled,Popup,C:/Users/송재홍/IdeaProjects/untitled/src/MathMain.java,MathMain::main,11,0,Default task
2021-09-12T20:42:36.848+09:00,송재홍,IdeState,Active,untitled,Popup,C:/Users/송재홍/AppData/Roaming/JetBrains/IntelliJIdea2021.2/plugins/activity-tracker/ide-events.csv,,10,48,Default task
2021-09-12T20:42:37.853+09:00,송재홍,IdeState,Active,untitled,Popup,C:/Users/송재홍/AppData/Roaming/JetBrains/IntelliJIdea2021.2/plugins/activity-tracker/ide-events.csv,,10,48,Default task
2021-09-12T20:42:38.855+09:00,송재홍,IdeState,Inactive,,,,,-1,-1,
2021-09-12T20:42:39.871+09:00,송재홍,IdeState,Inactive,,,,,-1,-1,
2021-09-12T20:42:40.884+09:00,송재홍,IdeState,Inactive,,,,,-1,-1,
2021-09-12T20:42:41.899+09:00,송재홍,IdeState,Inactive,,,,,-1,-1,
2021-09-12T20:42:42.915+09:00,송재홍,IdeState,Inactive,,,,,-1,-1,
2021-09-12T20:42:43.918+09:00,송재홍,IdeState,Inactive,,,,,-1,-1,
2021-09-12T20:42:44.921+09:00,송재홍,IdeState,Inactive,,,,,-1,-1,
2021-09-12T20:42:45.937+09:00,송재홍,IdeState,Inactive,,,,,-1,-1,
2021-09-12T20:42:46.940+09:00,송재홍,IdeState,Inactive,,,,,-1,-1,
2021-09-12T20:42:47.942+09:00,송재홍,IdeState,Inactive,,,,,-1,-1,
2021-09-12T20:42:48.944+09:00,송재홍,IdeState,Inactive,,,,,-1,-1,
2021-09-12T20:42:49.960+09:00,송재홍,IdeState,Inactive,,,,,-1,-1,
2021-09-12T20:42:50.963+09:00,송재홍,IdeState,Inactive,,,,,-1,-1,
2021-09-12T20:42:51.970+09:00,송재홍,IdeState,Inactive,,,,,-1,-1,
2021-09-12T20:42:52.980+09:00,송재홍,IdeState,Active,untitled,Editor,C:/Users/송재홍/AppData/Roaming/JetBrains/IntelliJIdea2021.2/plugins/activity-tracker/ide-events.csv,,1,57,Default task
2021-09-12T20:42:53.980+09:00,송재홍,IdeState,Active,untitled,Editor,C:/Users/송재홍/AppData/Roaming/JetBrains/IntelliJIdea2021.2/plugins/activity-tracker/ide-events.csv,,1,57,Default task
2021-09-12T20:42:54.985+09:00,송재홍,IdeState,Active,untitled,Editor,C:/Users/송재홍/AppData/Roaming/JetBrains/IntelliJIdea2021.2/plugins/activity-tracker/ide-events.csv,,1,57,Default task
2021-09-12T20:42:55.990+09:00,송재홍,IdeState,Active,untitled,Editor,C:/Users/송재홍/AppData/Roaming/JetBrains/IntelliJIdea2021.2/plugins/activity-tracker/ide-events.csv,,1,57,Default task
2021-09-12T20:42:56.997+09:00,송재홍,IdeState,Active,untitled,Editor,C:/Users/송재홍/AppData/Roaming/JetBrains/IntelliJIdea2021.2/plugins/activity-tracker/ide-events.csv,,8,9,Default task
2021-09-12T20:42:58.005+09:00,송재홍,IdeState,Active,untitled,Editor,C:/Users/송재홍/AppData/Roaming/JetBrains/IntelliJIdea2021.2/plugins/activity-tracker/ide-events.csv,,8,9,Default task
2021-09-12T20:42:59.015+09:00,송재홍,IdeState,Active,untitled,Editor,C:/Users/송재홍/IdeaProjects/untitled/src/MathMain.java,MathMain::main,11,0,Default task
2021-09-12T20:43:00.019+09:00,송재홍,IdeState,Active,untitled,Editor,C:/Users/송재홍/IdeaProjects/untitled/src/MathMain.java,MathMain::main,11,0,Default task
2021-09-12T20:43:01.024+09:00,송재홍,IdeState,Active,untitled,Popup,C:/Users/송재홍/IdeaProjects/untitled/src/MathMain.java,MathMain::main,11,0,Default task
2021-09-12T20:43:02.028+09:00,송재홍,IdeState,Active,untitled,Popup,C:/Users/송재홍/IdeaProjects/untitled/src/MathMain.java,MathMain::main,11,0,Default task
2021-09-12T20:43:03.030+09:00,송재홍,IdeState,Active,untitled,Popup,C:/Users/송재홍/IdeaProjects/untitled/src/MathMain.java,MathMain::main,11,0,Default task
2021-09-12T20:43:04.045+09:00,송재홍,IdeState,Active,untitled,Editor,C:/Users/송재홍/AppData/Roaming/JetBrains/IntelliJIdea2021.2/plugins/activity-tracker/ide-events.csv,,8,9,Default task
2021-09-12T20:43:05.058+09:00,송재홍,IdeState,Active,untitled,Popup,C:/Users/송재홍/AppData/Roaming/JetBrains/IntelliJIdea2021.2/plugins/activity-tracker/ide-events.csv,,8,9,Default task
2021-09-12T20:43:06.067+09:00,송재홍,IdeState,Active,untitled,Popup,C:/Users/송재홍/AppData/Roaming/JetBrains/IntelliJIdea2021.2/plugins/activity-tracker/ide-events.csv,,8,9,Default task
2021-09-12T20:43:06.204+09:00,송재홍,Action,RevealIn,untitled,Popup,C:/Users/송재홍/AppData/Roaming/JetBrains/IntelliJIdea2021.2/plugins/activity-tracker/ide-events.csv,,8,9,Default task
2021-09-12T20:43:07.073+09:00,송재홍,IdeState,Active,untitled,Editor,C:/Users/송재홍/AppData/Roaming/JetBrains/IntelliJIdea2021.2/plugins/activity-tracker/ide-events.csv,,8,9,Default task
2021-09-12T20:43:08.167+09:00,송재홍,IdeState,Inactive,,,,,-1,-1,
2021-09-12T20:43:09.174+09:00,송재홍,IdeState,Inactive,,,,,-1,-1,
